battery_power,blue,clock_speed,dual_sim,fc,four_g,int_memory,m_dep,mobile_wt,n_cores,pc,px_height,px_width,ram,sc_h,sc_w,talk_time,three_g,touch_screen,wifi,price_range
772,0,2.6,1,7,0,6,0.1,100,2,10,741,1471,929,13,6,18,0,1,1,0
1097,0,2.1,1,6,0,64,0.2,161,3,8,419,1914,1725,14,5,9,1,0,1,1
1470,0,2.2,1,4,1,33,0.4,138,7,10,1790,1988,1633,18,4,4,1,0,0,2
1163,1,1.9,0,6,0,2,0.9,133,5,20,919,1076,1568,14,0,19,1,0,0,1
1285,0,2.4,0,1,1,51,1.0,140,7,2,475,500,2094,8,0,10,1,0,0,1
1170,0,2.9,1,2,0,40,0.4,169,6,5,427,684,2366,16,8,2,1,1,1,1
554,1,1.3,0,0,0,12,0.1,105,6,10,85,806,3764,10,7,4,0,1,1,2
1695,0,2.3,1,1,0,34,0.4,84,5,10,713,1742,3296,17,6,14,0,0,0,3
1431,1,0.5,0,0,1,56,0.6,191,1,1,156,952,461,7,3,8,1,0,0,0
1911,0,0.9,1,1,1,36,0.7,108,8,3,868,1632,3057,9,1,5,1,1,0,3
1083,0,1.0,0,6,0,52,0.9,126,2,20,925,1469,681,19,18,19,1,1,1,0
1397,0,2.4,1,5,1,3,0.2,121,3,15,433,1658,1378,18,15,4,1,1,1,1
1250,1,1.5,0,14,1,20,0.4,167,5,18,11,1020,3314,6,5,6,1,1,1,2
1512,0,0.9,0,4,1,46,0.1,145,5,5,336,670,869,18,10,19,1,1,1,0
1702,1,2.3,1,12,1,47,0.6,107,2,19,1284,1643,595,10,0,19,1,0,1,1
1881,0,2.2,0,4,0,51,0.3,158,5,7,477,1553,1229,12,0,14,1,0,0,1
1157,1,0.8,0,7,0,27,0.1,88,8,8,1694,1798,2885,8,4,2,1,0,1,3
545,0,0.5,0,0,1,11,0.3,131,3,1,381,1452,616,15,6,19,1,1,1,0
959,1,2.6,1,15,0,20,1.0,84,4,19,561,1631,3965,16,1,6,1,0,0,3
1595,1,2.6,0,7,0,12,0.3,121,8,19,344,655,3608,15,1,16,0,1,0,3
1488,0,0.5,0,1,0,39,0.8,112,5,6,1528,1647,3054,14,10,19,0,0,0,3
560,0,0.5,0,14,0,23,1.0,146,8,15,356,1903,2360,17,16,18,0,1,1,1
1303,1,2.1,0,6,1,10,0.4,109,8,15,1335,1873,2219,9,3,15,1,1,1,2
1969,0,0.8,1,5,1,7,0.2,85,8,20,332,764,315,16,7,7,1,1,0,0
1732,1,1.1,0,4,1,12,0.8,119,8,9,824,881,1308,16,7,11,1,0,1,1
586,0,2.8,0,2,0,15,0.2,83,3,11,241,854,2592,12,8,3,0,0,0,1
1108,1,1.3,1,14,1,2,0.3,169,7,20,208,1742,1229,5,3,4,1,1,0,0
539,0,2.0,1,1,0,24,0.5,86,4,2,958,967,1326,7,4,3,1,1,0,0
994,1,2.8,1,0,0,56,0.5,173,3,3,491,530,3190,5,2,20,1,1,1,2
797,1,1.5,1,4,0,18,0.6,81,8,20,888,1466,2052,9,3,14,1,1,1,1
1162,0,2.0,0,0,1,56,0.7,114,7,1,56,997,1652,5,0,20,1,0,0,1
1251,0,0.5,1,10,1,29,0.7,133,6,16,308,591,1052,11,9,11,1,0,0,0
873,1,0.5,1,6,0,8,0.6,152,7,9,1257,1411,575,15,8,7,1,0,1,0
1864,0,1.4,0,8,1,46,0.7,178,1,12,168,981,2686,11,7,18,1,1,1,2
1862,0,1.5,0,1,0,62,1.0,182,1,2,386,1046,1017,11,3,9,1,0,0,1
850,1,1.6,1,6,1,29,0.5,133,5,19,404,642,593,19,17,10,1,0,1,0
825,1,1.5,0,11,0,38,0.4,94,3,18,540,783,716,11,4,14,0,1,0,0
1778,0,0.5,0,0,0,15,0.5,102,3,0,1445,1954,1214,5,0,14,1,0,0,1
1824,1,1.9,1,9,1,2,0.7,103,1,14,50,1105,3958,12,2,19,1,1,0,3
966,0,2.0,0,8,1,34,0.5,118,2,10,214,1523,3534,18,17,11,1,1,1,3
1944,0,0.6,1,9,1,59,0.2,132,7,10,634,1079,769,19,13,3,1,0,1,0
689,0,1.4,0,2,0,45,0.5,103,5,11,256,823,3585,10,1,10,1,0,0,3
1589,0,2.6,0,9,0,46,0.4,84,3,16,618,940,2373,11,9,20,1,1,0,2
1576,1,2.0,0,0,1,20,0.6,148,3,0,410,1551,1379,17,1,16,1,0,1,1
1524,0,2.5,1,11,1,41,1.0,96,4,20,184,740,1936,7,0,9,1,1,1,1
1703,1,0.5,0,5,1,23,0.2,92,6,7,134,521,793,7,3,17,1,1,0,0
1839,1,1.2,0,9,1,54,0.5,200,7,11,475,1493,927,19,10,18,1,0,1,1
1793,0,1.8,1,10,0,12,0.5,169,6,17,1086,1418,3533,16,14,15,1,1,1,3
1886,0,0.5,0,0,1,24,0.4,112,3,1,809,1958,1179,16,7,20,1,0,1,1
869,1,1.0,0,7,1,57,0.6,118,1,15,1243,1584,2727,13,3,8,1,0,0,2
950,1,0.5,0,9,0,55,0.1,156,5,10,774,843,1095,14,12,13,0,1,0,0
740,0,1.8,0,1,0,12,0.2,123,1,11,935,1147,1105,7,6,19,0,1,1,0
1899,1,0.6,0,0,0,26,0.1,151,2,0,96,814,336,13,11,4,1,0,1,0
1788,1,0.5,1,15,1,2,0.3,150,6,20,472,1073,2655,12,2,4,1,0,1,2
1790,0,2.5,1,9,0,2,0.1,184,1,14,622,792,1366,7,0,20,1,1,1,1
685,0,0.5,0,2,0,29,0.8,93,7,10,433,648,728,14,8,4,0,0,1,0
580,1,1.2,1,0,0,47,0.9,91,3,1,1086,1345,3451,15,1,11,1,1,0,3
1652,1,1.1,1,1,0,36,0.7,89,4,5,313,1264,2338,12,8,20,0,0,0,2
1853,1,1.0,0,2,0,23,0.4,92,1,15,202,1951,2775,14,4,17,1,0,0,3
1325,0,1.9,0,2,0,50,0.1,146,1,10,499,695,2328,17,10,2,1,0,0,2
1314,1,2.8,1,13,1,5,1.0,87,4,18,82,512,3411,17,16,18,1,0,0,3
903,0,1.0,1,0,1,50,0.4,91,1,0,1230,1235,711,9,5,10,1,1,0,0
536,0,2.4,1,12,1,3,0.3,182,7,14,1386,1539,284,12,9,4,1,1,0,0
1937,1,1.7,0,17,0,58,0.6,189,1,19,1728,1767,3321,5,4,14,1,1,0,3
864,0,2.5,0,10,1,24,0.7,148,4,15,1362,1378,3964,13,8,12,1,1,0,3
1590,0,1.9,1,3,1,21,1.0,160,5,18,920,963,1701,11,4,4,1,0,1,1
1356,0,2.8,0,0,0,29,0.5,198,6,0,1612,1983,3702,17,0,19,0,0,0,3
704,1,2.7,0,8,1,29,0.2,80,1,10,1108,1509,1122,9,3,10,1,1,1,0
600,0,0.5,0,1,0,48,0.8,191,3,7,501,1465,3393,12,7,8,1,0,0,2
717,0,1.1,1,2,1,14,0.1,99,8,6,1878,1981,629,16,15,20,1,0,0,0
1330,0,0.5,0,0,0,38,1.0,183,7,1,1290,1441,1733,9,0,11,1,0,1,1
1786,0,1.2,0,11,0,61,0.1,123,3,14,74,865,3033,14,11,17,0,1,0,3
1494,0,1.6,1,4,1,24,0.2,101,1,17,979,1190,3614,15,12,9,1,0,0,3
1330,0,0.9,0,6,1,52,0.8,84,4,12,462,1304,3269,19,6,8,1,1,0,3
1884,0,1.0,1,3,0,24,0.5,149,6,4,1168,1179,1396,15,8,9,1,1,1,1
797,1,2.9,1,4,0,38,0.5,90,4,6,763,1413,590,9,2,6,0,1,0,0
986,1,1.5,0,1,1,23,0.8,183,8,3,471,800,2385,16,9,19,1,0,0,1
668,0,2.3,0,2,1,48,0.3,114,1,19,195,1292,1201,14,12,4,1,1,0,0
576,0,0.8,0,0,1,27,0.1,121,2,4,757,1518,1519,18,6,8,1,0,1,1
1183,1,0.5,1,3,1,48,0.1,120,8,12,268,1010,1152,8,3,3,1,0,0,0
1844,1,2.3,1,1,0,51,0.7,158,8,3,533,882,1724,5,1,14,0,1,1,1
1038,0,1.2,0,3,0,43,0.7,141,1,5,4,638,3709,11,0,12,1,1,1,3
1407,0,1.8,1,5,1,16,0.2,170,4,6,925,1206,1068,6,0,8,1,1,0,1
1253,1,0.5,1,5,1,5,0.2,152,2,19,685,714,1878,15,0,4,1,1,0,1
1039,1,2.7,0,11,0,56,0.3,125,8,13,497,618,3105,14,8,5,0,1,1,2
1742,1,0.5,1,5,1,43,0.9,176,3,7,356,1407,1921,9,2,3,1,1,0,2
508,0,0.8,0,7,1,42,0.3,94,1,8,39,557,663,13,12,7,1,0,0,0
705,1,0.5,0,5,1,57,0.9,155,6,9,1114,1374,1509,15,11,18,1,1,1,1
1642,1,1.6,1,0,0,5,0.4,102,5,2,1686,1889,1333,18,0,2,0,0,1,2
514,1,2.9,1,5,0,18,0.7,141,2,8,1083,1492,980,13,7,16,0,0,1,0
1546,1,1.6,1,2,1,27,0.7,124,2,6,1138,1491,267,12,10,16,1,1,0,0
1114,0,2.8,0,4,1,9,0.4,197,3,15,1040,1071,907,10,7,17,1,1,0,0
1829,1,2.1,0,8,0,59,0.1,91,5,15,1457,1919,3142,16,6,5,1,1,1,3
1658,1,1.4,0,0,1,39,0.7,182,1,5,410,522,3483,10,1,15,1,0,1,3
502,0,1.5,1,7,0,37,0.2,199,2,12,705,1810,1649,6,1,14,0,1,0,1
1429,0,1.5,1,0,1,40,0.9,100,3,14,246,820,3945,11,7,18,1,0,1,3
802,0,0.5,1,3,0,43,0.6,153,5,6,527,734,3063,17,13,4,0,1,0,2
1397,0,2.9,1,13,0,9,0.5,87,6,18,1308,1991,3137,12,1,11,1,1,1,3
979,0,0.5,1,0,1,5,0.5,164,7,2,793,1670,3449,5,2,14,1,0,0,3
728,0,2.3,1,4,0,23,0.8,111,4,5,126,817,457,17,10,16,1,1,1,0
1269,1,1.3,0,14,0,52,0.8,118,2,15,1597,1920,665,18,5,5,0,0,0,1
922,1,0.7,0,0,1,47,1.0,157,8,14,1295,1808,1464,17,4,12,1,0,1,1
1269,1,2.8,1,16,0,41,1.0,180,8,17,406,1036,2341,10,9,16,0,0,1,2
956,0,1.9,1,1,0,42,0.1,133,7,11,403,1614,3700,10,0,7,1,1,0,3
946,1,2.6,1,17,0,5,0.1,166,3,20,1698,1771,3720,15,7,4,0,1,0,3
1044,0,1.8,0,4,1,12,0.7,104,6,5,1230,1263,1794,18,7,19,1,1,1,1
786,0,2.2,1,0,0,33,0.5,141,7,6,507,1697,2390,12,11,5,1,0,1,2
726,0,2.2,0,0,1,40,0.8,94,4,20,323,978,1342,16,11,4,1,1,1,0
1986,1,0.5,1,7,1,39,0.1,89,7,19,251,599,3476,11,8,17,1,1,0,3
1972,1,1.6,0,0,0,48,0.5,92,8,2,290,804,2872,7,2,11,1,0,1,3
634,1,0.8,0,5,0,41,0.2,192,1,12,1362,1853,3242,18,11,4,1,0,1,3
1189,1,1.9,0,5,0,7,0.5,164,2,20,79,615,841,13,10,11,0,1,0,0
1375,0,2.9,0,2,0,20,0.4,147,6,7,596,679,3847,8,0,12,1,0,1,3
1725,0,0.5,1,8,1,52,1.0,185,6,12,1125,1195,1243,19,18,5,1,1,1,1
1151,1,2.9,1,0,0,31,0.6,128,8,1,1022,1560,2377,18,8,13,0,1,0,2
564,0,3.0,1,1,0,8,0.7,130,2,3,853,1737,2227,9,2,14,1,0,1,1
774,1,2.8,0,7,1,55,0.9,124,3,18,8,896,3916,8,1,12,1,1,0,3
1129,1,0.8,1,9,1,21,0.6,116,2,10,1128,1702,1400,11,0,13,1,1,0,1
916,1,0.5,0,0,1,47,0.2,82,4,1,1147,1393,1659,11,10,11,1,1,0,1
1628,1,1.8,1,11,0,56,0.1,136,2,13,500,1713,3358,17,11,12,1,1,1,3
1348,0,2.0,0,18,0,52,0.3,98,3,20,1869,1942,955,18,11,7,1,1,1,1
1331,1,1.6,0,0,0,16,0.5,165,2,7,1109,1226,1026,13,5,20,1,0,1,1
1755,1,1.3,0,0,1,24,0.1,134,7,2,286,1075,3937,8,1,7,1,0,1,3
591,0,2.1,1,18,1,16,0.5,196,7,20,952,1726,704,14,5,4,1,1,1,0
1426,1,0.8,0,2,1,42,0.6,84,3,10,715,1163,1356,15,9,16,1,0,1,1
1766,1,0.5,1,1,0,16,0.6,141,5,7,125,1227,3314,9,7,17,0,0,1,3
1557,0,2.8,1,16,0,2,0.1,123,5,20,1107,1442,2690,18,16,9,0,0,1,3
602,0,0.9,0,9,0,50,0.9,141,8,18,1571,1717,2189,7,5,16,0,1,0,2
808,0,0.5,1,0,0,8,0.1,192,4,1,618,1891,3762,15,9,12,1,0,1,3
1995,1,1.9,0,6,0,9,0.8,139,6,18,1830,1963,1203,14,12,18,1,1,1,2
1547,1,2.9,0,2,0,57,0.4,114,1,3,347,957,1620,9,2,19,0,1,1,1
622,0,0.7,0,0,1,9,0.3,127,2,0,98,511,3916,13,1,5,1,0,1,2
936,0,0.5,1,14,1,14,0.1,164,3,17,150,1677,3761,13,1,12,1,0,0,3
1002,0,2.6,1,7,0,27,0.1,146,1,10,115,1111,1295,18,15,17,1,0,1,0
1648,0,0.7,0,6,1,64,0.8,170,4,9,1153,1876,610,8,1,6,1,1,0,1
851,0,2.3,1,7,1,54,1.0,101,2,9,788,1007,1005,12,2,14,1,0,1,0
592,0,0.8,1,1,0,52,0.9,103,7,10,332,970,1507,5,0,4,0,0,1,0
1631,0,0.9,1,2,1,3,0.1,198,7,12,177,1905,301,13,5,13,1,0,0,0
1314,0,2.9,1,8,1,41,0.1,155,4,12,113,577,626,10,4,4,1,1,1,0
932,0,1.3,0,1,0,64,0.7,154,7,2,1176,1224,3817,8,7,9,1,1,1,3
1866,0,1.4,0,0,0,30,0.5,182,3,0,108,1781,3834,16,11,8,0,0,0,3
1799,1,0.5,0,0,0,49,0.4,107,4,2,632,1383,720,12,2,11,1,1,1,0
1349,1,2.1,1,3,0,46,0.9,134,6,12,212,623,2367,11,7,10,1,0,1,1
1229,0,0.5,1,15,0,14,0.8,191,2,16,120,1878,1667,17,6,17,0,0,1,1
1281,1,2.3,1,0,0,28,0.3,148,1,6,1285,1617,1129,12,1,6,0,1,0,1
1512,1,0.5,0,8,1,18,0.1,88,3,17,1079,1897,3607,12,10,6,1,1,1,3
1607,0,1.1,1,6,1,20,1.0,192,2,8,776,1005,885,11,1,14,1,1,0,0
1205,1,2.7,0,5,0,10,0.1,163,6,10,321,1870,953,18,11,20,0,1,1,0
1631,0,0.5,0,2,1,13,0.5,166,2,16,960,1735,2173,12,3,8,1,1,0,2
1318,1,2.4,0,1,1,45,0.1,136,2,7,183,661,755,18,3,9,1,0,1,0
1067,1,2.4,1,3,1,40,0.6,122,8,15,494,1989,604,16,14,11,1,0,0,0
864,0,1.6,1,0,1,53,0.3,88,6,1,262,1436,493,18,9,10,1,1,0,0
531,0,1.1,0,10,0,63,0.7,189,7,14,145,1903,2958,17,1,19,0,1,0,2
1702,1,2.3,0,12,1,52,0.5,145,2,15,1397,1491,2501,16,12,4,1,0,0,3
803,0,0.8,1,0,0,18,0.3,106,4,1,627,935,2801,18,15,12,0,1,0,2
1807,1,2.1,0,2,0,49,0.8,125,1,10,337,1384,1906,17,13,13,0,1,1,2
1448,0,0.5,1,18,0,2,0.2,100,5,19,846,1144,593,9,4,18,1,1,1,0
1004,1,2.9,1,0,0,35,0.2,141,6,9,901,1162,3772,17,8,18,0,1,1,3
1074,0,2.4,1,2,1,9,0.9,103,6,14,946,952,1948,13,1,18,1,1,1,1
1709,1,0.8,0,8,1,58,0.8,136,2,10,956,1292,1781,18,3,17,1,0,0,2
1822,0,1.2,0,0,0,8,0.2,195,6,0,172,910,2577,9,5,8,1,1,0,2
503,1,1.8,1,1,1,13,0.7,131,1,4,1495,1688,3117,19,6,9,1,0,1,3
1175,0,0.6,0,10,0,25,0.1,145,2,12,137,1501,3153,9,4,12,1,0,0,2
928,1,0.5,1,11,0,56,0.7,80,8,13,221,1243,666,19,10,5,0,1,0,0
1544,0,2.3,0,12,1,45,0.1,113,8,20,236,857,1300,8,7,18,1,1,0,1
1322,0,1.7,1,6,0,7,0.8,140,3,9,177,1990,1418,19,17,12,0,1,0,1
1872,0,0.5,1,3,0,17,0.7,89,6,6,1749,1767,724,17,3,9,1,0,1,1
1095,1,2.6,1,0,1,44,0.7,103,4,5,838,1066,3209,13,11,8,1,1,1,3
993,1,2.3,1,0,0,16,0.4,106,7,13,424,1639,1113,14,1,6,0,0,1,0
587,1,2.5,0,16,1,51,0.6,111,1,17,244,1361,2746,10,4,7,1,0,1,2
1462,1,1.7,1,1,0,25,0.2,182,7,18,91,1478,824,15,5,13,1,0,1,0
1138,0,1.4,0,12,1,44,0.2,187,8,17,111,1138,3475,19,3,3,1,0,0,3
727,1,2.5,1,0,1,64,0.2,193,1,9,664,711,3654,9,1,16,1,1,0,3
1410,1,0.5,1,0,1,15,0.3,92,3,1,192,1311,2304,18,4,18,1,1,0,2
1554,0,2.8,1,7,0,23,0.1,105,6,18,699,1492,2184,13,9,20,1,0,1,2
1656,0,1.0,0,5,1,34,0.1,166,3,7,880,1456,1629,15,12,14,1,1,0,1
808,0,2.3,0,3,0,45,0.8,161,1,9,526,1324,3431,15,6,13,0,1,1,3
1926,1,1.1,0,13,1,50,0.2,179,6,17,371,1000,3809,17,12,17,1,1,0,3
1929,1,0.5,1,0,1,19,1.0,163,6,2,349,1051,1913,12,7,6,1,1,0,1
956,0,0.5,0,1,1,41,1.0,143,7,6,511,1075,3286,17,8,12,1,1,0,3
1444,1,2.1,0,9,0,38,0.4,104,7,16,624,917,3764,14,9,10,0,0,0,3
999,0,2.9,1,11,1,64,0.2,199,4,19,1397,1616,2593,14,11,16,1,1,0,2
1083,1,2.9,1,1,1,64,0.8,178,3,11,1025,1118,3210,13,3,4,1,0,0,3
1379,0,1.1,1,1,1,18,0.2,129,2,16,838,885,2358,10,5,15,1,1,0,2
1242,0,1.1,1,0,0,10,0.6,165,2,1,459,1225,1050,11,1,4,1,0,1,0
675,0,2.4,0,1,0,42,0.6,187,7,2,482,874,2953,9,5,13,1,1,0,2
1442,0,1.0,1,0,0,27,0.1,192,3,19,231,687,2227,6,5,20,1,1,0,1
1042,0,2.7,1,16,1,50,0.8,93,7,18,727,1705,3215,18,0,20,1,1,1,3
1300,1,0.5,0,5,0,62,0.1,156,6,7,219,1037,874,15,3,10,1,1,0,0
516,0,1.1,1,0,1,39,0.4,91,5,7,855,1401,819,8,0,10,1,1,1,0
599,1,2.9,0,0,1,64,0.3,186,8,1,103,646,3396,5,3,7,1,0,0,2
1379,1,2.1,1,14,1,63,1.0,83,1,17,207,1370,651,9,6,7,1,1,0,0
719,0,2.9,0,7,0,6,0.7,102,6,8,405,1141,841,9,1,2,1,0,0,0
546,1,2.6,1,5,0,26,1.0,159,5,15,416,1658,1550,7,2,3,0,1,0,1
1686,1,2.8,1,3,0,38,0.1,166,4,4,397,1453,2958,14,11,2,0,0,0,3
667,1,0.6,0,6,1,3,0.7,185,6,13,13,1463,2855,5,0,19,1,0,1,2
1753,0,0.7,0,4,0,40,0.6,191,4,11,1652,1983,1112,8,2,15,1,1,1,1
708,0,1.9,0,0,0,26,0.3,116,7,1,206,620,1419,10,6,16,1,1,1,0
1600,0,2.5,1,1,0,19,0.6,88,6,9,831,1713,1179,10,3,18,0,0,1,1
589,1,2.3,1,1,0,61,0.6,160,4,10,429,815,2113,13,7,2,1,0,1,1
902,1,0.7,0,3,0,3,0.3,134,7,9,675,1285,3411,12,11,15,0,0,1,3
1166,0,1.5,1,0,1,43,0.8,80,4,1,205,603,3993,7,1,7,1,1,0,3
1762,0,0.7,0,7,0,60,0.1,157,4,10,643,790,1380,14,5,14,1,0,0,1
1567,0,0.5,1,3,0,22,0.5,119,6,6,545,1621,2312,9,1,18,1,0,0,2
1991,0,2.8,0,3,1,15,0.1,181,1,13,298,1037,1861,8,5,17,1,1,1,1
1347,0,2.9,0,5,0,44,0.6,132,1,14,434,967,2484,18,2,11,1,0,1,2
877,0,1.5,1,0,1,17,0.1,195,7,0,1064,1985,2004,11,8,9,1,1,1,1
1048,1,1.5,0,2,1,29,1.0,182,1,4,29,1670,2146,11,10,2,1,0,0,1
1154,0,2.0,0,6,1,35,0.8,159,5,16,1003,1827,3262,16,15,16,1,0,0,3
1672,1,1.7,1,1,1,44,0.5,172,8,4,1250,1435,1348,11,6,7,1,1,1,1
909,1,1.4,0,0,0,53,0.3,82,8,0,635,973,3187,12,9,4,1,0,0,2
571,1,2.0,1,5,1,58,0.6,101,6,11,31,1536,555,19,10,11,1,0,1,0
902,1,0.6,1,0,0,63,0.7,122,5,14,364,1360,3654,18,8,15,0,1,1,3
1968,0,0.9,0,0,0,22,0.8,115,3,7,861,1259,2323,9,8,7,0,0,1,2
713,0,1.4,1,4,0,53,0.8,98,1,17,123,1477,1462,19,18,13,1,0,1,0
1467,1,0.5,0,0,0,18,0.6,122,5,0,888,1099,3962,15,11,5,1,1,1,3
1188,1,1.5,1,0,0,54,0.3,198,6,2,1150,1469,485,12,7,7,0,1,0,0
1949,0,2.6,1,4,0,47,0.3,199,4,7,407,822,1433,11,5,20,0,0,1,1
1422,0,1.0,0,15,0,3,0.1,112,1,17,1,926,509,19,1,3,1,1,1,0
1054,1,1.8,1,3,1,40,0.8,196,7,10,27,774,2296,16,12,12,1,0,1,1
1763,0,2.9,1,1,1,53,0.2,101,4,20,138,806,2066,12,9,17,1,1,1,1
1748,0,1.7,1,6,1,14,0.5,146,3,7,859,1234,3968,16,12,3,1,0,1,3
823,1,0.5,0,0,0,39,0.4,187,8,4,630,888,294,13,9,11,0,0,1,0
1260,0,0.6,0,5,1,13,1.0,106,6,6,165,736,2710,13,1,8,1,1,0,2
1433,1,2.3,0,2,1,5,0.1,129,5,11,420,784,2132,18,15,19,1,0,1,1
1851,0,2.9,0,0,0,53,0.7,112,6,2,174,1175,2678,6,0,8,1,0,0,2
626,0,0.7,1,2,1,23,0.5,187,2,9,90,1334,3458,7,5,11,1,0,1,2
1276,1,2.9,1,2,0,53,0.3,130,2,3,217,735,3798,19,10,8,1,1,1,3
618,0,0.6,0,8,0,16,0.2,143,1,14,1105,1602,2262,16,15,4,0,1,0,2
1549,1,1.8,1,0,0,62,0.7,91,4,4,167,990,799,7,3,9,1,0,1,0
709,1,2.0,1,0,0,35,0.1,136,1,0,1545,1596,1973,12,9,16,0,1,1,1
1362,1,2.9,0,0,0,47,0.5,186,6,4,600,1042,3629,19,17,5,0,1,1,3
1413,0,0.5,1,4,1,39,0.1,185,5,12,1039,1318,3878,19,16,4,1,0,0,3
1097,0,0.8,0,10,1,21,0.1,160,7,15,1277,1352,2219,15,6,12,1,0,1,2
1117,1,0.5,1,2,0,21,0.1,177,2,19,495,1035,1999,15,9,2,1,0,1,1
1057,0,2.1,0,4,0,5,0.5,154,5,13,416,1055,3705,6,4,13,1,0,0,3
593,0,0.5,0,6,0,31,0.4,156,7,7,1233,1317,1692,6,2,7,1,0,0,1
1452,1,0.5,1,1,1,25,0.9,123,6,11,42,1040,2669,12,10,13,1,0,0,2
915,1,0.5,1,9,1,33,0.3,199,2,16,503,986,2156,7,3,13,1,1,0,1
584,1,1.8,0,0,1,19,0.3,168,3,0,1123,1622,465,12,8,4,1,1,0,0
1809,0,0.5,0,6,0,23,0.7,123,6,19,433,1661,2784,12,6,20,1,1,1,3
1748,1,0.5,1,11,1,53,0.5,114,4,20,718,1109,2633,16,0,9,1,0,0,2
1445,0,2.2,1,2,0,37,0.4,82,2,6,527,1393,3480,17,16,17,1,1,1,3
1974,0,1.0,0,4,0,24,0.3,80,7,13,250,545,861,7,4,6,1,0,1,0
856,1,1.1,1,14,1,19,0.7,125,6,19,1057,1931,650,17,0,10,1,0,1,0
1117,1,0.6,1,0,0,31,0.2,146,2,7,1258,1627,2003,8,7,14,0,1,1,2
804,1,0.8,1,12,1,41,0.9,89,1,13,709,818,2027,11,5,11,1,0,0,1
1872,0,0.5,0,5,1,26,0.5,172,4,10,672,1088,2273,8,4,8,1,0,1,2
1077,0,2.5,1,0,1,45,1.0,174,3,4,897,1304,1965,6,2,6,1,1,0,1
1082,0,2.3,1,11,0,2,1.0,101,4,20,398,724,2177,12,2,17,0,1,0,1
1310,0,2.3,1,3,0,15,0.2,150,5,11,954,970,2518,18,17,5,0,1,1,2
1089,1,0.9,1,12,1,2,0.7,145,5,15,636,1259,2765,13,12,10,1,0,1,2
1987,1,1.9,0,0,0,50,0.7,119,8,18,960,1925,857,12,4,6,1,1,0,1
851,0,0.5,0,3,0,21,0.4,200,5,7,1171,1263,478,12,7,10,1,0,1,0
1510,0,0.6,1,1,0,32,0.7,135,3,8,963,1520,854,8,2,10,1,0,1,1
1039,0,1.3,0,0,1,12,0.8,200,8,0,1428,1827,1619,7,1,10,1,1,1,1
1135,1,2.8,1,9,0,43,0.4,158,1,11,690,1589,3204,18,13,6,1,0,0,3
1816,1,1.6,1,0,0,50,0.1,186,5,2,800,1089,3637,11,7,16,0,0,1,3
506,0,1.6,0,6,1,41,0.8,159,1,7,875,1025,2965,13,10,15,1,0,0,2
1515,1,2.1,1,4,1,24,0.9,176,5,6,747,1247,3104,6,5,20,1,0,0,3
880,0,0.5,1,1,0,44,0.5,172,8,15,436,1302,3132,8,7,6,0,1,1,2
765,0,0.5,1,0,1,47,0.3,115,8,1,1277,1429,2243,11,7,4,1,0,1,2
1136,0,0.5,0,0,1,9,0.9,150,6,2,1307,1767,2110,9,5,16,1,0,1,2
1619,1,1.9,0,2,1,21,0.4,138,1,9,46,562,1641,7,2,13,1,0,0,1
1603,1,0.5,1,1,1,17,0.5,114,2,8,430,1207,1637,17,3,11,1,0,1,1
1076,0,2.3,1,0,1,14,0.7,191,5,0,1088,1718,2355,17,16,2,1,1,1,2
1447,1,2.5,1,2,0,9,0.2,155,8,16,737,1455,568,12,11,8,0,0,0,0
641,1,1.1,0,0,1,7,0.9,192,1,3,417,759,3595,7,5,19,1,1,1,2
967,1,1.6,0,4,0,25,0.6,92,8,9,243,1642,3076,7,4,18,0,1,1,2
1231,0,1.2,1,5,0,54,0.8,185,3,10,632,1184,1762,5,3,6,1,1,0,1
541,1,2.3,0,4,0,51,0.4,200,8,17,1012,1226,403,11,2,12,0,0,0,0
1264,0,2.9,1,2,1,34,0.2,171,3,3,562,849,419,7,4,3,1,1,1,0
675,0,2.3,0,10,0,60,0.9,144,5,15,192,757,1735,7,0,13,1,0,1,0
1715,0,1.9,0,4,1,3,0.1,171,5,6,79,1652,514,7,4,13,1,0,0,0
798,0,0.6,1,6,1,21,0.5,110,2,12,661,1951,1647,12,2,3,1,0,0,1
1349,1,2.2,1,5,0,55,0.1,105,7,7,648,1019,2462,15,7,17,1,0,1,2
748,0,1.4,0,0,0,25,1.0,110,7,14,88,709,1974,17,5,13,0,1,1,1
1934,1,2.7,0,8,1,2,0.1,118,4,16,242,1127,2190,18,1,9,1,0,1,2
842,1,1.8,1,4,0,57,1.0,124,3,10,348,730,1903,8,4,14,0,1,0,1
1237,0,0.5,0,2,0,27,0.1,87,8,5,274,603,2454,14,0,8,1,1,1,2
1328,1,0.5,0,5,1,27,0.3,144,3,18,602,1156,2674,7,2,5,1,0,1,2
1882,0,2.0,0,11,1,44,0.8,113,8,19,4,743,3579,19,8,20,1,1,0,3
1310,1,2.2,1,0,1,51,0.6,100,4,0,178,1919,3845,7,0,12,1,1,0,3
618,0,2.1,0,2,0,6,0.3,86,1,4,1314,1688,1051,13,10,15,0,0,1,0
1068,0,0.7,1,9,0,51,0.5,124,4,15,1405,1910,550,12,8,6,1,1,0,0
582,0,0.5,0,8,0,32,0.7,107,3,11,1043,1702,2977,6,1,20,0,1,1,2
1417,1,0.5,0,10,1,45,0.9,166,4,19,364,1029,2129,13,9,12,1,0,1,1
1860,1,2.3,0,15,0,23,0.6,162,4,16,1362,1506,3918,9,2,8,0,1,0,3
600,0,0.5,0,0,0,14,0.8,112,5,2,320,747,1655,18,0,9,0,0,0,0
1602,0,0.6,0,12,0,58,0.4,170,1,13,1259,1746,3622,17,2,17,0,1,1,3
1633,0,1.7,1,3,1,33,0.9,111,2,19,146,906,511,9,0,7,1,1,0,0
1283,1,1.6,1,4,0,47,0.9,93,5,5,372,692,2698,9,6,17,1,1,0,2
1694,1,0.6,0,0,1,34,0.3,102,7,7,377,549,2298,17,5,2,1,1,0,2
880,0,2.0,1,1,1,50,0.5,194,7,3,1116,1381,827,15,9,6,1,0,1,0
1849,1,2.3,0,7,1,15,0.4,144,5,19,606,1123,3447,14,11,19,1,0,1,3
825,0,2.9,1,0,0,34,0.8,99,8,17,1471,1866,2915,8,2,10,1,1,0,3
1129,1,2.8,1,0,0,49,0.5,185,2,2,1070,1079,1857,8,4,5,1,1,1,1
1180,1,2.5,0,0,1,27,0.1,90,6,1,168,540,348,7,5,19,1,1,1,0
1395,1,2.8,0,0,1,55,0.6,118,3,1,782,1787,3373,11,2,16,1,1,0,3
1187,0,2.3,0,0,1,21,0.2,122,6,6,215,1125,2547,10,3,5,1,1,0,2
1549,1,0.5,0,4,0,8,0.4,158,5,7,721,1514,1998,12,7,15,1,1,0,2
525,0,2.4,1,11,0,35,0.8,190,7,20,82,670,1609,16,11,3,0,0,0,0
930,0,2.1,1,0,0,54,0.9,80,1,13,1569,1763,1743,7,1,9,0,1,0,2
852,0,1.8,1,5,1,8,0.8,160,5,9,683,1349,315,7,6,20,1,0,0,0
1221,0,2.3,0,7,1,35,0.4,152,7,19,765,1899,2638,19,16,14,1,1,1,2
831,0,1.7,1,7,1,26,0.7,177,5,11,511,621,1704,6,5,20,1,1,1,0
989,1,0.7,0,13,1,51,0.4,132,3,15,670,804,2349,10,1,20,1,0,1,1
739,1,2.3,1,2,1,58,0.1,88,3,4,1052,1536,475,7,6,6,1,0,1,0
1092,0,2.7,1,8,0,45,0.8,185,1,10,1404,1424,1303,12,3,20,0,1,1,1
772,1,1.2,1,7,1,8,0.6,134,7,8,552,1802,422,7,6,15,1,0,0,0
835,0,1.1,1,2,0,7,0.2,101,4,7,323,1604,1181,13,5,15,1,1,1,0
1011,0,1.1,0,4,1,36,0.2,131,7,18,481,749,2261,7,6,16,1,1,1,1
1285,0,0.8,1,4,1,11,0.8,199,5,7,1791,1896,3966,17,15,2,1,1,1,3
728,0,2.7,1,0,0,25,0.2,88,4,1,526,1529,2039,5,1,12,1,1,1,1
1907,0,2.0,0,13,0,55,0.9,105,7,15,713,1513,286,14,4,17,1,0,1,0
1589,1,2.2,1,2,0,58,0.1,128,4,4,957,1911,3961,16,14,14,1,0,1,3
557,1,1.6,0,0,0,24,0.5,125,3,0,1131,1315,1305,12,8,3,1,0,1,0
1504,0,1.5,0,12,1,34,0.7,142,8,15,507,973,2806,7,2,7,1,0,1,2
1221,0,0.5,0,1,1,28,0.5,139,1,7,1895,1976,2438,13,11,10,1,1,1,3
718,0,0.7,1,0,1,21,0.8,88,1,7,518,830,1754,17,11,9,1,0,1,1
1148,0,2.3,1,0,1,58,0.3,170,5,20,606,688,3127,10,7,11,1,0,0,2
642,1,0.5,0,0,1,38,0.8,86,5,10,887,1775,435,9,2,2,1,1,0,0
1841,1,1.3,1,6,0,14,0.6,167,8,8,593,672,2304,7,1,18,0,0,1,2
1299,1,2.8,1,0,0,64,0.5,83,6,6,46,908,1938,19,8,5,1,0,1,1
1995,1,0.5,0,6,0,26,0.2,129,1,15,649,1104,1322,15,11,7,0,1,1,1
1185,0,1.9,0,0,0,31,0.4,152,8,7,837,1642,2447,16,2,3,1,1,1,2
916,1,2.6,0,0,0,36,0.3,195,4,12,188,992,1470,13,0,14,0,1,0,0
614,1,0.7,0,4,1,51,0.1,178,7,7,1012,1040,2854,10,7,12,1,0,1,2
1341,1,2.1,1,0,0,36,0.4,107,8,1,473,574,2200,18,14,15,0,1,0,1
1273,1,0.7,0,1,0,23,0.6,178,6,14,485,1399,558,8,5,13,1,0,0,0
1526,0,1.1,1,2,1,38,0.3,116,5,6,798,1418,3317,7,1,8,1,1,1,3
1030,1,0.5,0,4,1,37,0.7,147,1,8,503,551,2800,8,6,12,1,0,1,2
1572,0,0.6,0,0,1,58,0.2,157,7,8,1109,1937,2462,12,8,10,1,0,0,3
829,0,0.5,0,0,0,56,0.6,129,7,1,91,1916,820,12,6,11,1,0,1,0
1674,0,2.8,1,0,1,52,0.2,89,3,7,1432,1649,2030,7,0,6,1,0,0,2
783,1,1.7,1,9,1,27,0.3,150,6,11,458,1263,1185,15,4,6,1,1,1,0
1991,0,2.2,1,1,1,42,0.7,82,1,13,366,613,722,6,5,10,1,1,0,0
732,1,2.3,1,7,1,39,0.6,188,7,11,1163,1554,3681,19,3,15,1,1,1,3
1887,1,3.0,1,6,1,17,0.2,126,8,7,1172,1798,3348,18,16,16,1,1,0,3
538,0,0.8,0,12,1,2,0.8,177,7,13,235,662,417,8,4,9,1,0,1,0
915,0,1.1,0,6,0,56,0.6,187,8,17,532,1448,905,19,10,12,0,1,0,0
809,0,0.8,0,10,0,21,0.9,91,7,19,1453,1726,1274,18,7,3,0,0,0,1
1713,0,3.0,1,5,1,20,0.9,104,7,17,237,890,971,11,10,10,1,0,0,0
783,0,1.8,1,0,1,43,1.0,106,3,4,1198,1471,2016,16,4,18,1,1,0,1
1027,1,2.2,0,0,0,63,0.8,102,5,4,152,714,1732,8,5,13,0,1,1,1
539,1,0.6,1,9,0,21,0.1,145,7,14,551,599,3597,14,5,9,0,0,0,2
1268,1,2.9,0,9,1,42,0.9,182,6,17,360,912,931,11,5,20,1,1,0,0
841,1,0.5,1,8,0,39,0.1,199,6,13,546,828,2942,11,5,16,0,1,1,2
1424,1,2.9,1,0,0,20,0.6,180,5,0,181,1199,2658,15,0,19,1,0,0,2
1959,0,0.5,1,5,0,18,0.7,191,6,20,65,1055,619,7,4,8,1,1,1,0
1732,0,0.8,0,2,0,61,0.3,172,5,3,201,656,3940,17,11,20,0,1,1,3
1646,0,2.5,0,3,1,25,0.6,200,2,5,211,1608,686,8,6,11,1,1,0,0
1310,1,2.3,1,6,0,57,0.9,135,8,9,449,889,1175,16,0,8,0,0,0,0
1807,0,2.0,1,0,1,13,0.5,155,8,0,970,974,323,9,3,3,1,1,1,0
775,0,1.0,0,3,0,46,0.7,159,2,16,862,1864,568,17,15,11,1,1,1,0
765,1,2.5,0,3,0,44,0.3,88,8,11,1364,1851,2256,6,1,19,0,1,1,2
568,0,2.0,0,1,0,36,0.3,179,3,4,181,1703,950,17,9,9,1,0,0,0
688,1,2.5,0,9,0,40,0.2,109,5,20,376,1957,1382,12,7,8,0,1,0,1
695,0,1.2,0,1,1,41,0.4,169,8,8,789,1211,2282,5,2,17,1,1,0,1
932,1,0.5,0,1,1,60,0.7,104,4,2,268,1078,1459,6,1,19,1,1,0,0
591,1,0.5,1,1,1,16,0.9,90,6,17,892,1603,3746,5,0,5,1,1,0,3
1656,1,0.5,1,8,1,38,0.1,105,7,17,506,519,1499,12,8,19,1,0,1,1
973,0,0.5,1,5,0,53,0.5,196,5,7,105,588,1861,13,10,16,0,1,0,1
511,1,3.0,1,5,1,34,0.9,125,8,13,149,1285,3265,14,7,14,1,0,0,2
1087,0,1.3,0,0,1,16,0.3,166,3,9,295,589,690,14,6,6,1,0,1,0
1442,0,0.6,1,1,0,27,0.4,127,5,8,266,642,991,14,8,7,1,0,0,0
880,1,1.7,1,0,0,33,0.7,173,2,2,30,1350,1414,12,1,7,1,1,0,0
1882,1,1.3,1,8,0,47,0.2,140,2,13,119,652,2500,17,1,11,0,0,1,2
822,1,0.5,0,0,1,51,0.3,157,6,20,667,860,3846,10,1,3,1,0,0,3
1635,0,2.6,1,0,1,2,0.6,182,4,0,1209,1411,2315,10,1,2,1,1,0,2
1640,0,0.5,1,1,1,36,0.9,87,8,11,664,1806,3235,6,1,10,1,0,1,3
687,1,1.3,0,9,1,50,0.6,151,4,20,584,1151,3416,14,6,8,1,1,0,3
659,0,1.4,1,2,1,3,0.1,85,8,6,190,657,967,10,1,14,1,0,1,0
1027,1,0.8,0,7,0,18,1.0,146,7,11,338,534,1234,7,4,14,1,0,1,0
840,0,1.2,1,5,1,15,0.3,178,6,8,526,1728,2636,12,2,6,1,1,0,2
1590,0,1.5,1,12,1,14,0.5,187,4,15,1058,1109,2836,6,5,4,1,0,0,3
796,0,0.5,0,2,0,12,0.5,114,1,8,174,518,1075,7,3,2,0,1,0,0
1699,1,0.5,0,16,0,21,0.1,156,4,20,105,1099,1181,16,0,18,1,1,0,1
623,0,1.4,1,0,1,15,0.2,189,3,1,778,844,3510,14,4,18,1,0,1,2
742,1,2.3,0,0,0,21,0.7,104,8,1,875,925,331,11,8,7,1,0,0,0
622,1,1.9,1,12,0,11,0.8,193,8,14,760,1964,3183,5,0,4,1,1,1,2
1692,0,2.1,0,4,1,2,0.9,106,1,17,1899,1904,3779,9,3,7,1,1,1,3
1987,1,0.5,0,3,1,53,1.0,181,3,7,1052,1516,3117,18,5,8,1,1,1,3
1181,0,2.3,0,12,1,61,0.6,116,2,16,385,831,2020,6,0,18,1,1,0,1
909,1,0.5,1,9,0,30,0.4,97,3,10,290,773,594,12,0,4,1,1,1,0
1066,0,3.0,1,6,1,5,0.5,167,5,7,53,1504,1044,8,7,11,1,0,0,0
1138,0,1.1,0,5,1,48,0.6,109,3,14,233,1777,2048,6,0,18,1,1,1,2
1859,0,0.5,1,3,0,22,0.7,164,1,7,1004,1654,1067,17,1,10,1,0,0,1
1191,0,1.3,1,16,1,26,0.8,84,1,20,681,683,1604,14,3,9,1,0,1,1
668,0,2.9,1,7,0,30,0.2,195,8,12,522,1056,2399,10,5,7,1,1,1,1
660,0,0.5,0,5,1,40,0.5,111,2,10,262,1178,588,6,5,18,1,1,1,0
840,0,0.9,1,6,0,33,0.7,150,6,7,1482,1591,2072,10,8,19,0,1,0,2
1368,0,0.5,0,10,1,42,0.2,91,1,20,907,925,1590,12,0,14,1,0,0,1
595,0,2.6,0,0,1,20,0.4,122,2,18,623,816,1593,19,11,2,1,0,1,0
1337,0,0.5,0,13,0,31,0.8,186,2,20,48,644,2180,7,4,16,1,0,1,1
1562,1,0.7,0,0,0,55,0.1,140,8,1,1032,1776,2096,15,3,3,0,0,0,2
1520,0,0.5,0,1,1,24,0.7,199,5,8,109,1909,3233,13,3,4,1,0,1,3
1965,1,2.6,1,0,0,39,0.2,187,4,3,915,1965,2032,11,10,16,1,1,1,2
1936,0,1.3,0,2,0,44,0.1,139,3,3,570,1021,1400,17,7,3,0,0,1,1
1193,1,2.3,0,7,0,20,1.0,158,7,13,1442,1904,1958,7,5,2,1,0,0,2
964,0,2.0,0,0,1,22,0.7,86,8,0,225,1234,2577,17,16,5,1,1,0,2
609,1,3.0,0,15,1,44,0.3,117,1,16,58,1253,2581,15,11,15,1,0,1,1
990,1,2.7,1,3,0,15,0.9,153,2,7,1466,1717,2698,11,8,6,1,0,0,2
1954,0,0.6,1,8,0,7,0.9,126,3,9,673,690,3438,17,12,13,1,0,0,3
697,0,2.7,1,5,1,20,0.4,173,2,6,478,1477,259,12,6,4,1,1,1,0
1644,0,2.8,0,0,1,44,1.0,137,8,0,358,791,2360,7,4,19,1,0,0,2
1883,1,2.7,1,6,1,30,0.5,95,2,10,531,791,3724,16,15,20,1,1,1,3
1900,1,2.0,1,1,0,41,0.5,190,8,6,912,1596,850,5,1,4,1,1,1,1
1825,0,1.1,1,13,1,17,0.1,157,4,18,1621,1773,3130,12,4,2,1,0,1,3
911,1,2.9,0,0,0,46,0.1,181,5,1,461,670,363,9,5,17,0,1,0,0
1681,1,2.5,1,6,0,18,0.3,167,1,7,850,1005,2265,5,3,20,1,1,1,2
590,1,1.2,1,0,0,32,0.4,141,6,1,227,509,1817,10,0,6,0,1,0,0
1972,0,2.9,0,9,0,14,0.4,196,7,18,293,952,1316,8,1,8,1,1,0,1
1742,0,2.3,1,9,1,43,0.4,170,7,12,453,681,2610,12,3,10,1,0,1,2
1199,1,2.5,1,15,1,16,0.2,116,4,20,1168,1552,3448,17,13,10,1,0,1,3
659,0,0.5,1,7,1,5,0.3,169,8,10,659,730,2190,16,10,16,1,1,0,1
1670,1,3.0,0,14,0,62,0.5,114,8,20,1117,1330,3024,6,0,20,0,0,1,3
561,1,1.0,0,0,0,11,0.1,163,8,10,492,1176,3421,16,2,5,1,1,1,2
1654,1,1.5,1,0,1,43,0.3,109,2,0,546,629,3112,12,5,10,1,1,0,3
1339,1,0.5,1,10,1,21,0.5,80,4,11,833,1441,867,8,3,3,1,1,0,0
1514,0,2.9,0,0,0,27,0.2,118,3,1,186,1810,1152,8,3,20,0,1,1,1
1009,1,1.0,1,2,0,2,0.6,102,8,14,912,1043,1716,7,5,15,0,0,0,1
1496,1,2.0,1,4,0,42,0.5,182,5,5,96,741,854,16,0,7,0,1,1,0
1614,0,1.9,0,8,1,55,0.3,188,3,17,860,1330,3914,17,13,13,1,0,0,3
914,1,0.7,0,1,1,60,0.9,198,5,4,740,840,3736,14,8,5,1,0,0,3
1957,0,0.9,1,11,0,31,0.6,181,3,16,396,1732,3801,12,0,7,1,0,1,3
771,0,2.9,0,2,0,62,0.7,106,1,8,1709,1781,1628,9,3,6,0,1,0,1
682,1,0.5,0,4,0,19,1.0,121,4,11,902,1064,2337,11,1,18,0,1,1,1
867,0,1.4,1,0,1,4,0.7,135,6,1,70,1974,790,13,6,3,1,1,0,0
1883,0,1.6,0,9,0,24,0.1,87,1,16,203,915,3563,17,10,3,0,0,0,3
1365,0,0.6,0,0,1,31,0.3,125,4,0,293,970,1300,14,7,13,1,0,1,0
875,1,1.4,1,1,1,43,0.6,104,8,3,902,969,3396,14,2,18,1,0,0,3
1697,0,0.5,0,0,1,60,0.1,90,4,0,88,1046,441,15,1,11,1,1,0,0
942,0,1.4,1,8,0,27,0.5,91,4,9,754,1532,587,6,3,13,0,1,1,0
1620,0,2.6,1,6,0,5,0.9,186,6,18,434,1339,1086,18,14,13,1,0,0,1
609,0,0.5,0,3,0,26,0.3,93,4,4,938,1948,1866,11,10,14,1,1,1,1
559,1,0.5,0,10,0,11,0.4,82,5,14,541,823,2019,10,4,16,1,1,1,1
925,1,2.1,0,9,0,56,0.2,196,1,14,1262,1520,2466,8,0,5,1,0,0,2
915,0,2.0,0,8,1,31,0.3,91,3,20,875,1316,378,11,6,9,1,1,0,0
1059,0,2.4,0,8,0,61,0.1,134,3,18,1613,1916,3716,15,13,11,1,1,0,3
1720,0,2.0,0,15,1,55,0.5,168,2,18,753,1353,2148,14,2,5,1,1,1,2
507,1,0.5,1,1,0,32,0.5,141,7,11,936,1398,1702,17,0,5,1,1,1,1
1501,0,1.1,0,12,1,2,0.2,187,1,15,198,1056,2487,13,12,16,1,1,1,2
855,1,0.5,0,2,1,59,0.5,159,2,3,1028,1196,1875,16,8,8,1,1,1,1
1902,0,2.8,1,6,0,50,0.8,124,8,9,1142,1393,343,11,8,18,0,1,0,0
754,0,0.5,1,7,1,59,0.7,178,7,10,1914,1928,1027,6,3,5,1,0,0,1
518,1,2.4,0,0,1,62,0.6,128,6,0,489,710,2514,16,12,7,1,1,1,1
1469,0,0.5,0,3,1,58,0.5,150,7,8,1699,1850,1571,17,16,2,1,0,0,2
1702,1,0.5,1,8,0,2,0.6,185,6,19,921,1351,435,12,9,3,0,1,1,0
709,0,2.4,1,1,0,11,0.1,130,5,11,119,1531,3568,16,14,3,0,0,1,3
1967,0,0.5,0,0,1,46,0.6,199,1,7,518,1374,1567,15,2,7,1,1,0,1
525,1,0.5,1,5,0,51,0.5,137,8,11,262,1587,1891,18,3,12,0,1,0,1
1288,0,0.5,1,3,1,61,0.2,115,6,6,988,1503,1882,16,6,10,1,0,1,2
919,0,0.5,1,11,0,13,0.3,159,1,15,275,570,1028,8,4,17,1,0,0,0
1914,0,0.7,0,1,0,35,0.6,118,8,2,942,1701,643,17,1,8,1,0,1,1
840,0,0.6,0,0,1,63,0.8,137,7,19,987,1081,3486,12,8,18,1,1,0,3
1023,1,0.7,0,2,1,63,0.7,153,7,8,367,1985,3155,11,10,7,1,1,1,3
972,1,2.7,1,1,0,5,1.0,126,4,2,687,816,3035,12,7,19,1,0,1,2
1836,1,1.7,1,3,0,26,0.1,134,6,16,408,1139,3097,5,0,18,0,1,0,3
1134,1,0.9,0,2,1,13,0.4,92,4,19,18,903,3632,17,8,19,1,1,0,3
603,1,2.5,1,3,0,35,0.7,126,3,16,692,1057,3703,13,1,9,0,0,1,3
1065,0,1.7,1,4,1,48,0.3,162,6,8,1188,1948,265,8,0,12,1,0,0,0
1009,1,2.8,1,7,1,2,0.6,115,7,15,267,1841,2286,19,8,13,1,0,0,2
1240,0,1.6,0,0,0,39,0.1,146,2,9,1511,1756,3260,13,1,17,0,0,1,3
1503,1,0.7,0,10,1,43,0.2,166,4,14,841,1304,2122,15,1,2,1,0,0,2
1177,0,0.9,0,1,1,29,0.4,191,2,8,178,882,311,18,5,19,1,0,0,0
644,1,2.7,0,0,0,22,0.7,157,8,3,311,881,1262,12,1,15,1,0,0,0
1100,1,1.6,0,12,0,15,0.1,112,8,14,919,1344,757,12,2,16,1,1,1,0
799,1,2.3,0,1,1,63,0.8,144,8,6,361,975,431,15,6,6,1,1,1,0
618,0,1.1,0,11,1,45,0.2,188,3,20,1175,1586,2339,19,2,10,1,1,0,2
1249,1,0.5,0,3,1,55,0.8,140,3,8,605,1193,531,18,10,13,1,1,1,0
551,1,2.8,0,0,1,54,0.1,172,7,15,169,1916,1414,6,1,19,1,0,1,0
651,1,0.8,1,2,1,63,0.2,176,5,4,548,858,2244,14,9,19,1,1,0,1
839,0,2.0,1,0,0,14,0.4,175,7,3,564,1391,3835,15,8,11,1,0,0,3
1425,0,1.2,0,9,1,35,0.7,127,8,14,150,1897,590,13,2,6,1,1,1,0
1673,0,2.8,1,7,0,9,0.1,187,3,10,65,734,3669,9,1,10,1,0,1,3
623,1,0.8,0,6,1,26,0.3,197,7,12,484,1238,1769,10,1,16,1,0,0,1
920,1,0.5,0,2,0,46,0.8,149,3,3,1058,1421,2608,6,0,2,0,0,1,2
1428,1,1.6,0,0,0,7,0.1,153,4,2,584,983,1808,12,8,13,0,1,0,1
1156,1,2.7,1,1,1,30,0.9,173,3,16,945,1913,2735,16,15,13,1,0,1,2
1487,0,0.5,0,6,1,57,0.7,84,3,12,140,768,2563,18,4,14,1,0,0,2
1330,0,1.1,0,11,0,37,0.7,126,7,20,1103,1637,2166,10,1,4,1,0,0,2
1323,1,2.5,1,10,1,28,0.2,131,4,12,162,619,1892,10,0,15,1,1,1,1
936,0,1.0,0,1,0,18,0.2,153,3,18,1330,1686,2391,12,6,3,1,1,1,2
706,0,0.5,0,13,1,31,0.1,108,3,19,543,938,2419,8,7,4,1,0,1,1
1122,0,2.8,0,0,0,28,0.6,184,3,4,1578,1963,1402,14,10,3,0,1,0,1
1763,0,0.5,1,12,0,10,0.2,184,3,19,238,1893,792,17,12,13,1,0,1,0
517,0,1.4,1,3,1,33,0.8,183,4,8,660,974,3704,17,16,11,1,0,1,3
1597,1,0.9,0,4,1,4,0.5,85,1,19,880,1145,2130,8,3,15,1,1,0,2
1280,1,1.3,0,0,1,39,1.0,108,7,1,356,588,2335,6,4,2,1,0,1,1
684,1,0.9,1,3,1,63,1.0,157,5,9,159,1738,3756,17,5,12,1,1,1,3
1312,1,0.8,1,0,0,24,0.9,156,6,0,115,1791,3833,14,13,17,0,1,0,3
793,0,1.2,1,1,1,38,0.6,176,4,7,1226,1815,3139,6,1,12,1,1,1,3
1219,0,1.0,1,0,0,17,0.7,196,5,4,473,1022,705,11,3,6,0,1,1,0
516,1,0.7,1,1,0,30,0.9,138,1,12,126,698,3731,17,13,15,0,0,0,2
1834,0,2.1,0,7,1,40,0.1,99,4,11,0,1987,3692,13,0,16,1,1,0,3
961,1,1.4,1,0,1,57,0.6,114,8,3,291,1434,2782,18,9,7,1,1,1,2
742,1,0.5,0,0,1,36,0.7,139,3,1,1161,1288,292,8,0,6,1,1,1,0
1721,1,0.5,1,4,1,33,0.5,128,4,5,871,1048,707,19,2,5,1,1,1,0
1321,1,1.3,0,0,1,63,0.4,109,8,9,817,941,1464,7,6,16,1,1,1,1
